day,Temperature_Avg_forecast,Temperature_Avg_original,temp_absolute_forecast,temp_absolute_original
2020-10-23,-0.14005987346172333,-0.08642330685464326,23.60237326940928,23.88888888888889
2020-10-24,-0.3025934100151062,-0.2632260844593617,22.73415220572813,22.944444444444443
2020-10-25,-0.3831092417240143,-0.3776278817330027,22.30405302415694,22.333333333333332
2020-10-26,-0.34392037987709045,-0.48162951561813055,22.513391946072385,21.77777777777778
2020-10-27,-0.361613392829895,-0.3152269014019253,22.418879472823132,22.666666666666668
2020-10-28,-0.19442838430404663,0.16318061446966498,23.311947752834254,25.222222222222225
2020-10-29,0.20309555530548096,0.30878290190884405,25.43543971028113,26.0
2020-10-30,0.185257226228714,-0.2944265746248997,25.34015098788113,22.77777777777778
2020-10-31,-0.5168204307556152,-0.658432293222849,21.589795073281927,20.833333333333332
2020-11-01,-0.48541539907455444,-0.346427391567464,21.75755435908394,22.5
2020-11-02,-0.20737284421920776,-0.024022326523567204,23.242801083201382,24.222222222222218
2020-11-03,0.1451006829738617,-0.1280239604086951,25.125642908885172,23.666666666666664
2020-11-04,-0.18235591053962708,-0.39842820851002825,23.376436449968857,22.22222222222222
2020-11-05,-0.5878207087516785,-0.3776278817330027,21.210526042467766,22.333333333333332
2020-11-06,-0.2599656581878662,-0.3152269014019253,22.961860977828998,22.666666666666668
2020-11-07,-0.14043518900871277,-0.09682347024315573,23.600368410164023,23.833333333333336
2020-11-08,0.04470888525247574,0.11117979752710071,24.589370363225665,24.944444444444446
2020-11-09,-0.04978863149881363,-0.10722363363166885,24.084583866550346,23.77777777777778
2020-11-10,-0.30834174156188965,-0.6064314762802847,22.70344578885089,21.11111111111111
2020-11-11,-0.47231006622314453,-0.45042902545259256,21.827560379191734,21.944444444444443
2020-11-12,-0.5872136950492859,-0.28402641123638794,21.21376858609006,22.83333333333333
2020-11-13,-0.29124805331230164,-0.19042494073977181,22.79475679154612,23.333333333333332
2020-11-14,-0.3218522071838379,-0.2632260844593617,22.631275631959834,22.944444444444443
2020-11-15,-0.43358302116394043,-0.346427391567464,22.03443236984387,22.5
2020-11-16,-0.582886278629303,-1.0120378484322852,21.23688476362992,18.944444444444443
2020-11-17,-0.9507954120635986,-0.7520337637194651,19.271589071787133,20.33333333333333
2020-11-18,-0.5537141561508179,-0.18002477735125938,21.39271630304756,23.388888888888886
2020-11-19,-0.1373174488544464,0.12157996091561317,23.61702274335839,25.0
2020-11-20,0.08426856249570847,0.09037947075007446,24.800690105497573,24.833333333333332
2020-11-21,0.10412702709436417,0.21518143141222926,24.90676998059619,25.500000000000004
2020-11-22,0.21930181980133057,0.27758241174330534,25.52201027594567,25.833333333333332
2020-11-23,0.25883162021636963,0.22558159480074172,25.733170422283692,25.555555555555557
2020-11-24,0.2467418909072876,0.27758241174330534,25.66858954954239,25.833333333333332
2020-11-25,0.31060123443603516,0.038378653807510855,26.00971316218401,24.555555555555557
2020-11-26,-0.001727171242237091,0.007178163641972825,24.34131840288605,24.388888888888893
2020-11-27,0.1267281174659729,0.13198012430412562,25.027500404230004,25.055555555555554
2020-11-28,0.2159198820590973,-0.2112252675167974,25.503944653021748,23.22222222222222
2020-11-29,-0.3488931953907013,-0.8248349074390536,22.486828177964753,19.944444444444446
2020-11-30,-1.0279372930526733,-0.9600370314897215,18.85951284809221,19.222222222222218
2020-12-01,-1.0499199628829956,-0.9080362145471572,18.742085901091855,19.499999999999996
2020-12-02,-0.9855623841285706,-1.03283817520931,19.08587098487829,18.833333333333336
2020-12-03,-1.0682616233825684,-1.0952391555403875,18.644108484699473,18.5
2020-12-04,-0.9311654567718506,-0.9392367047126953,19.37644829668819,19.333333333333332
2020-12-05,-1.0942606925964355,-1.2720419331451052,18.505226749851047,17.555555555555557
2020-12-06,-1.3455398082733154,-1.6360476517430544,17.162944869322438,15.61111111111111
2020-12-07,-1.573006272315979,-1.469645037526849,15.947865326042782,16.5
2020-12-08,-1.2769370079040527,-1.1160394823174136,17.52940706273287,18.388888888888886
2020-12-09,-1.1200226545333862,-1.0848389921518744,18.3676115938056,18.555555555555557
2020-12-10,-1.062134861946106,-1.1368398090944378,18.676836397006596,18.277777777777782
2020-12-11,-1.0188713073730469,-0.7936344172735156,18.90794149793887,20.11111111111111
2020-12-12,-0.6267585754394531,-0.7104331101654126,21.002527885594887,20.555555555555557
2020-12-13,-0.7035029530525208,-0.41922853528705384,20.59257504401083,22.11111111111111
2020-12-14,-0.42549169063568115,-0.22162543090530987,22.07765461029228,23.166666666666668
2020-12-15,-0.24861890077590942,-0.4712293522296181,23.02247304595012,21.833333333333332
2020-12-16,-0.6155242323875427,-1.9688528801754648,21.062539459089965,13.833333333333334
2020-12-17,-1.798426628112793,-2.1040550042261317,14.743715676465616,13.11111111111111
2020-12-18,-2.003727912902832,-2.1456556577801824,13.64703800836497,12.888888888888891
2020-12-19,-2.0311648845672607,-2.13525549439167,13.500475291353911,12.944444444444443
2020-12-20,-2.050365447998047,-1.8544510829018237,13.397909790358495,14.444444444444445
2020-12-21,-2.002523422241211,-1.6880484686856183,13.65347215226907,15.333333333333334
2020-12-22,-1.909325361251831,-1.5528463446349514,14.151317220807549,16.055555555555557
2020-12-23,-1.8736683130264282,-1.199240789425516,14.341789913363657,17.944444444444443
2020-12-24,-1.3110413551330566,-1.1056393189289007,17.347228582800565,18.444444444444443
2020-12-25,-1.168636679649353,-0.9704371948782333,18.10792536848222,19.166666666666668
2020-12-26,-0.9639307856559753,-0.9288365413241815,19.201422580156795,19.388888888888893
2020-12-27,-0.8900112509727478,-1.001637685043772,19.59628568589134,19.0
2020-12-28,-0.8460493683815002,-0.8768357243816172,19.831121112931115,19.66666666666667
2020-12-29,-0.6694422364234924,-0.5232301691721817,20.774520458160385,21.555555555555557
2020-12-30,-0.6012181639671326,-0.3152269014019253,21.13895956416154,22.666666666666668
2020-12-31,-0.39949125051498413,-1.157640135871464,22.2165436682459,18.166666666666668
2021-01-01,-1.6386455297470093,-1.8232505927362852,15.597233775690142,14.61111111111111
2021-01-02,-1.8190807104110718,-2.06245435067208,14.63338577358751,13.333333333333334
2021-01-03,-1.9173247814178467,-2.020853697118029,14.108585946803126,13.555555555555555
2021-01-04,-1.8232358694076538,-1.719248958851157,14.611189760135284,15.166666666666666
2021-01-05,-1.725698471069336,-1.428044383972798,15.132214685389235,16.72222222222222
2021-01-06,-1.3361303806304932,-1.313642586699157,17.213208116218556,17.333333333333332
2021-01-07,-1.1137439012527466,-1.469645037526849,18.40115141560181,16.5
2021-01-08,-1.3560197353363037,-1.8752514096788493,17.10696323245613,14.333333333333334
2021-01-09,-1.847784161567688,-2.4576605594355674,14.480057780959157,11.222222222222223
2021-01-10,-2.2012057304382324,-2.6136630102632594,12.592151709636678,10.388888888888891
2021-01-11,-2.2727696895599365,-2.4576605594355674,12.20987160900358,11.222222222222223
2021-01-12,-2.2411909103393555,-2.1456556577801824,12.378559018790176,12.888888888888891
2021-01-13,-2.2418887615203857,-1.7920501025707467,12.374831239849696,14.777777777777779
2021-01-14,-2.1421895027160645,-1.6984486320741312,12.907404383601355,15.277777777777779
2021-01-15,-1.9432684183120728,-1.5528463446349514,13.97000032012131,16.055555555555557
2021-01-16,-1.617427110671997,-1.4904453643038746,15.710578250741843,16.38888888888889
2021-01-17,-1.346073031425476,-1.1680402992599779,17.1600964997972,18.111111111111107
2021-01-18,-0.9835991263389587,-1.6464478151315671,19.09635830831026,15.555555555555555
2021-01-19,-1.6325342655181885,-1.7816499391822338,15.629878905068969,14.833333333333334
2021-01-20,-1.7142951488494873,-1.7088487954626443,15.193128911198652,15.222222222222221
2021-01-21,-1.666322112083435,-1.5320460178579258,15.44939110724923,16.166666666666668
2021-01-22,-1.3476932048797607,-1.3968438938072594,17.151441863039416,16.88888888888889
2021-01-23,-1.1001218557357788,-0.9912375216552589,18.473917609576617,19.055555555555557
2021-01-24,-0.9104917049407959,-1.0224380118207976,19.486883270206057,18.88888888888889
2021-01-25,-0.9596645832061768,-0.8456352342160799,19.22421176512987,19.833333333333332
2021-01-26,-1.0049784183502197,-0.7104331101654126,18.982154482783642,20.555555555555557
2021-01-27,-0.5428499579429626,-0.575230986114746,21.45075063813981,21.27777777777778
2021-01-28,-0.6623669862747192,-0.7104331101654126,20.812315004075288,20.555555555555557
2021-01-29,-0.8229700922966003,-1.157640135871464,19.954405907296255,18.166666666666668
2021-01-30,-1.2062568664550781,-1.1160394823174136,17.9069659892859,18.388888888888886
2021-01-31,-1.0332906246185303,-1.3240427500876695,18.830916440698957,17.27777777777778
2021-02-01,-1.1103907823562622,-1.1680402992599779,18.419063094118684,18.111111111111107
2021-02-02,-0.8429349660873413,-0.7936344172735156,19.847757615956308,20.11111111111111
2021-02-03,-0.5836408138275146,-0.7104331101654126,21.232854190209395,20.555555555555557
2021-02-04,-0.7590550780296326,-0.6272318030573103,20.295826901688,21.0
2021-02-05,-0.5730322003364563,-0.8456352342160799,21.289523243776465,19.833333333333332
2021-02-06,-0.7308166027069092,-0.6272318030573103,20.446671088071504,21.0
2021-02-07,-0.6537632346153259,-0.7728340904964893,20.858274493887492,20.222222222222225
2021-02-08,-0.7439212799072266,-0.5856311495032591,20.376668570318373,21.22222222222222
2021-02-09,-0.5617583990097046,-0.689632783388387,21.349745595342828,20.666666666666668
2021-02-10,-0.671042263507843,-1.5632465080234645,20.765973439209393,16.0
2021-02-11,-1.4185245037078857,-1.199240789425516,16.773075484539593,17.944444444444443
2021-02-12,-1.1357609033584595,-0.8976360511586434,18.283541072575687,19.555555555555557
2021-02-13,-0.8043051362037659,-0.9496368681012077,20.054110302931306,19.27777777777778
2021-02-14,-0.8253284096717834,-0.7936344172735156,19.94180825598442,20.11111111111111
2021-02-15,-0.785861074924469,-0.4400288620640801,20.15263472344222,21.999999999999996
2021-02-16,-0.42693766951560974,-0.8248349074390536,22.069930485488168,19.944444444444446
2021-02-17,-0.7976376414299011,-0.7832342538850025,20.08972670264431,20.166666666666668
2021-02-18,-0.6960731744766235,-0.8144347440505412,20.63226340860851,20.0
2021-02-19,-0.9633777737617493,-0.7832342538850025,19.204376657113556,20.166666666666668
2021-02-20,-0.5607567429542542,-0.7416336003309513,21.355096238073845,20.38888888888889
2021-02-21,-0.5331873893737793,-0.6792326199998746,21.5023661123301,20.72222222222222
2021-02-22,-0.7260686755180359,-0.5128300057836686,20.472033548531165,21.611111111111114
2021-02-23,-0.6852006316184998,-0.45042902545259256,20.690342319123687,21.944444444444443
2021-02-24,-0.3879811465740204,-0.3776278817330027,22.278028300270886,22.333333333333332
2021-02-25,-0.3421196937561035,-0.3152269014019253,22.52301084474691,22.666666666666668
2021-02-26,-0.47039029002189636,-0.24242575768233543,21.83781543283065,23.055555555555557
2021-02-27,-0.256918728351593,-0.07602314346613082,22.97813705672021,23.944444444444443
2021-02-28,-0.054549358785152435,-1.0224380118207976,24.05915303057587,18.88888888888889
2021-03-01,-1.1271851062774658,-1.3552432402532082,18.329351234721074,17.11111111111111
2021-03-02,-1.1040476560592651,-0.6792326199998746,18.452946783463215,20.72222222222222
2021-03-03,-0.3710012435913086,-0.8664355609931054,22.368731485234875,19.72222222222222
2021-03-04,-1.1535944938659668,-1.1888406260370021,18.188277662647995,18.000000000000004
2021-03-05,-0.9285625219345093,-1.3760435670302338,19.390352644683638,17.0
2021-03-06,-1.1318844556808472,-1.001637685043772,18.304248266902043,19.0
2021-03-07,-0.6804766058921814,-0.2632260844593617,20.71557710283624,22.944444444444443
2021-03-08,-0.1988891065120697,-0.2632260844593617,23.28811948291309,22.944444444444443
2021-03-09,-0.41858118772506714,-0.5128300057836686,22.11456911000019,21.611111111111114
2021-03-10,-0.3873447775840759,-0.16962461396274625,22.281427653863133,23.444444444444443
2021-03-11,-0.15890654921531677,-0.07602314346613082,23.501698164340954,23.944444444444443
2021-03-12,-0.15922623872756958,-0.08642330685464326,23.49999044804891,23.88888888888889
2021-03-13,-0.09252124279737473,0.007178163641972825,23.856314956500977,24.388888888888893
2021-03-14,-0.030063532292842865,-0.22162543090530987,24.189951330871775,23.166666666666668
2021-03-15,-0.157850980758667,-0.19042494073977181,23.507336796143687,23.333333333333332
2021-03-16,-0.2032206952571869,-0.09682347024315573,23.264981017661764,23.833333333333336
2021-03-17,-0.06045863777399063,-0.2008251041282836,24.027586865228862,23.277777777777782
2021-03-18,-0.0822780504822731,-0.05522281668910457,23.91103200453855,24.055555555555557
2021-03-19,0.03382717818021774,-0.024022326523567204,24.531242499344234,24.222222222222218
2021-03-20,0.06378202885389328,0.09037947075007446,24.691255213432733,24.833333333333332
2021-03-21,0.1628667414188385,-0.05522281668910457,25.220545576283005,24.055555555555557
2021-03-22,0.05915037542581558,-0.6792326199998746,24.66651386373222,20.72222222222222
2021-03-23,-0.9288110136985779,-1.1472399724829516,19.389025252267952,18.22222222222222
2021-03-24,-1.398281455039978,-0.9704371948782333,16.881209729442507,19.166666666666668
2021-03-25,-0.8862199783325195,-0.8560353976045929,19.616537892507928,19.777777777777775
2021-03-26,-0.6369936466217041,-0.8560353976045929,20.9478542189957,19.777777777777775
2021-03-27,-0.6444709300994873,-0.3152269014019253,20.907912092883198,22.666666666666668
2021-03-28,-0.20868301391601562,-0.2632260844593617,23.23580242340546,22.944444444444443
2021-03-29,-0.19555819034576416,-0.19042494073977181,23.30591255896538,23.333333333333332
2021-03-30,-0.07570720463991165,0.13198012430412562,23.94613212533526,25.055555555555554
2021-03-31,0.264851450920105,0.11117979752710071,25.765327132385558,24.944444444444446
2021-04-01,0.19638872146606445,0.27758241174330534,25.399613169288596,25.833333333333332
2021-04-02,0.3985031247138977,0.3503835554628952,26.479267164976314,26.22222222222222
2021-04-03,0.4360029697418213,0.19438110463520303,26.679583702894803,25.38888888888889
2021-04-04,0.2780212163925171,0.17358077785817744,25.835677338437545,25.27777777777778
2021-04-05,0.2673870027065277,0.15278045108115187,25.778871533840842,25.166666666666668
2021-04-06,0.2522484362125397,-0.3256270647904384,25.698004393540224,22.61111111111111
2021-04-07,-0.3413770794868469,0.11117979752710071,22.526977738991825,24.944444444444446
2021-04-08,0.2556494474411011,0.26718224835479354,25.71617190314513,25.777777777777782
2021-04-09,0.27237409353256226,0.33998339207438205,25.805511557761275,26.166666666666664
2021-04-10,0.3824126720428467,-0.7312334369424388,26.39331524250287,20.444444444444443
2021-04-11,-0.8299580812454224,-0.9496368681012077,19.917077492946852,19.27777777777778
2021-04-12,-0.7692165970802307,-0.024022326523567204,20.241546135602356,24.222222222222218
2021-04-13,0.2143273651599884,0.3607837188514083,25.495437751951393,26.27777777777778
2021-04-14,0.3106418251991272,0.26718224835479354,26.00992998977698,25.777777777777782
2021-04-15,0.2978513836860657,0.43358486257099815,25.941606055093047,26.666666666666668
2021-04-16,0.47701001167297363,0.2983827385203309,26.89863497267499,25.944444444444443
2021-04-17,0.3401870131492615,0.506386006290588,26.167754368995478,27.055555555555557
2021-04-18,0.5534655451774597,-0.2632260844593617,27.307044867833905,22.944444444444443
2021-04-19,-0.29669246077537537,-0.3880280451215158,22.765673875251174,22.277777777777775
2021-04-20,-0.23092231154441833,0.3191830652973571,23.117004622952063,26.055555555555557
2021-04-21,0.55878084897995,0.7247894374493569,27.335438138656944,28.22222222222222
2021-04-22,0.6707590818405151,0.8599915615000235,27.93360306206279,28.944444444444443
2021-04-23,0.8119856119155884,0.7559899276148949,28.688006434818455,28.388888888888886
2021-04-24,0.7625574469566345,0.6415881303412546,28.42397124019648,27.77777777777778
2021-04-25,0.7123892903327942,0.7247894374493569,28.155983160748228,28.22222222222222
2021-04-26,0.8124309778213501,0.506386006290588,28.690385488819416,27.055555555555557
2021-04-27,0.5899250507354736,-0.1280239604086951,27.50180412409651,23.666666666666664
2021-04-28,-0.1101231500506401,-0.013622163135053418,23.762289151351357,24.27777777777778
2021-04-29,0.15720310807228088,-0.23202559429382363,25.190291599948505,23.111111111111107
2021-04-30,-0.22487109899520874,-0.06562298007761769,23.14932896848373,24.0
2021-05-01,0.07735729962587357,0.17358077785817744,24.76377154624222,25.27777777777778
2021-05-02,0.2804999351501465,0.25678208496627974,25.84891814942309,25.72222222222222
2021-05-03,0.3727228045463562,0.5999874767872028,26.341553943000417,27.555555555555554
2021-05-04,0.6268611550331116,0.9015922150540753,27.699109273800186,29.166666666666668
2021-05-05,0.8485145568847656,0.9223925418311009,28.883136622279018,29.27777777777778
2021-05-06,0.8780419230461121,0.017578327030484616,29.040865801129975,24.444444444444443
2021-05-07,0.037370674312114716,0.4647853527365362,24.550171134295677,26.833333333333332
2021-05-08,0.6215919852256775,0.6935889472838189,27.670962441386777,28.055555555555557
2021-05-09,0.709211528301239,0.6519882937297664,28.139008202904645,27.83333333333333
2021-05-10,0.7238386273384094,0.8599915615000235,28.21714318817552,28.944444444444443
2021-05-11,0.8709242343902588,1.1095954828243317,29.002844557349885,30.27777777777778
2021-05-12,1.033154010772705,0.9535930319966389,29.869442996037407,29.444444444444443
2021-05-13,0.97172611951828,0.9119923784425877,29.541307706450016,29.22222222222222
2021-05-14,0.9224639534950256,0.5479866598446385,29.278159244348473,27.277777777777775
2021-05-15,0.6178563237190247,0.9015922150540753,27.651007298124426,29.166666666666668
2021-05-16,0.9403054118156433,1.0575946658817674,29.37346468253207,30.0
2021-05-17,1.0499348640441895,1.0991953194358186,29.95908289796657,30.22222222222222
2021-05-18,1.0882227420806885,1.0367943391047418,30.163608947789065,29.88888888888889
2021-05-19,1.0196963548660278,1.078394992658793,29.797554937894326,30.11111111111111
2021-05-20,1.064154863357544,1.192796789932434,30.035043239390205,30.72222222222222
2021-05-21,1.15028977394104,1.2343974434864853,30.495158396377033,30.944444444444443
2021-05-22,1.1806491613388062,1.0471945024932543,30.657332063290013,29.944444444444443
2021-05-23,1.0478676557540894,1.265597933652024,29.948040292123242,31.11111111111111
2021-05-24,1.199386715888977,1.2135971167094597,30.757424265104557,30.833333333333332
2021-05-25,1.1769487857818604,0.5479866598446385,30.63756541038748,27.277777777777775
2021-05-26,0.638856053352356,0.25678208496627974,27.763183578699476,25.72222222222222
2021-05-27,0.31588685512542725,0.8287910713344855,26.03794787185977,28.77777777777778
2021-05-28,0.9893301129341125,1.0367943391047418,29.63534465545537,29.88888888888889
2021-05-29,1.019836187362671,1.078394992658793,29.798301894624284,30.11111111111111
2021-05-30,1.0745728015899658,1.2447976068749984,30.09069374454332,31.0
2021-05-31,1.168253779411316,1.4528008746452554,30.591118456485948,32.111111111111114
2021-06-01,1.3477098941802979,1.7232051227465885,31.549736487895352,33.55555555555556
2021-06-02,1.50074303150177,1.8688074101857683,32.367208352971474,34.333333333333336
2021-06-03,1.5194789171218872,1.7024047959695623,32.467291639701436,33.44444444444444
2021-06-04,1.4334696531295776,1.7856061030776647,32.00784766122559,33.888888888888886
2021-06-05,1.4840785264968872,0.5895873133986903,32.27818995979631,27.5
2021-06-06,0.6613684296607971,0.766390091003408,27.883440109868264,28.444444444444443
2021-06-07,0.8488349914550781,0.963993195385152,28.884848318519538,29.5
2021-06-08,0.9859611392021179,0.8079907445574599,29.617348283634925,28.666666666666668
2021-06-09,0.8067007660865784,0.7455897642263825,28.659775864289113,28.333333333333332
2021-06-10,0.8246068954467773,0.7455897642263825,28.75542676200042,28.333333333333332
2021-06-11,0.8032112121582031,0.7559899276148949,28.641135377607327,28.388888888888886
2021-06-12,0.821653425693512,0.9535930319966389,28.73964992784602,29.444444444444443
2021-06-13,0.9950066208839417,0.8287910713344855,29.66566740529953,28.77777777777778
2021-06-14,0.8474565148353577,0.6415881303412546,28.877484777047343,27.77777777777778
2021-06-15,0.6833022832870483,0.9951936855506908,28.000606290644477,29.666666666666668
2021-06-16,0.9987590909004211,1.2135971167094597,29.685712336199494,30.833333333333332
2021-06-17,1.2358481884002686,1.4424007112567423,30.952194028431137,32.05555555555556
2021-06-18,1.3280818462371826,1.598403162084434,31.444887451662396,32.888888888888886
2021-06-19,1.3783611059188843,1.7024047959695623,31.713469021027375,33.44444444444444
2021-06-20,1.4589062929153442,1.9000079003513064,32.14372501256852,34.5
2021-06-21,1.592289924621582,2.066410514567511,32.856233218895575,35.388888888888886
2021-06-22,1.725487232208252,1.837606920020229,33.567746119707785,34.166666666666664
2021-06-23,1.5358225107192993,1.4736012014222803,32.554595789469055,32.22222222222222
2021-06-24,1.276835560798645,1.0367943391047418,31.17114022757156,29.88888888888889
2021-06-25,1.0598374605178833,0.620787803564229,30.011980552357866,27.666666666666668
2021-06-26,0.6524732112884521,0.6935889472838189,27.83592366421228,28.055555555555557
2021-06-27,0.8013713955879211,0.8495913981115111,28.631307452038847,28.88888888888889
2021-06-28,0.9247873425483704,1.4528008746452554,29.290570315675758,32.111111111111114
2021-06-29,1.3489264249801636,1.7648057763006397,31.55623494776682,33.77777777777778
2021-06-30,1.5780049562454224,1.5256020183648447,32.77992582596484,32.5
2021-07-01,1.410168170928955,1.4320005478682292,31.88337588702699,32.0
2021-07-02,1.2720223665237427,1.6400038156384864,31.145429123625405,33.111111111111114
2021-07-03,1.4576655626296997,1.7856061030776647,32.13709728397055,33.888888888888886
2021-07-04,1.5574724674224854,1.5568025085303827,32.67024545067801,32.666666666666664
2021-07-05,1.4212337732315063,1.5672026719188958,31.942486081791245,32.72222222222222
2021-07-06,1.3189724683761597,1.1095954828243317,31.396227009616496,30.27777777777778
2021-07-07,1.05674147605896,1.2967984238175627,29.995442433658997,31.27777777777778
2021-07-08,1.310863971710205,0.9847935221621776,31.3529130711552,29.61111111111111
2021-07-09,0.97726970911026,0.5271863330676143,29.570920433486073,27.16666666666667
2021-07-10,0.574133038520813,0.8495913981115111,27.417446409784574,28.88888888888889
2021-07-11,0.9535523056983948,0.8495913981115111,29.444226892850285,28.88888888888889
2021-07-12,0.930487334728241,1.1407959729898698,29.321018513495883,30.444444444444443
2021-07-13,1.1451297998428345,1.2343974434864853,30.467594865212252,30.944444444444443
2021-07-14,1.0652852058410645,1.2447976068749984,30.041081298821982,31.0
2021-07-15,1.1168560981750488,1.2759980970405371,30.316562506864805,31.166666666666668
2021-07-16,1.1675893068313599,1.2863982604290496,30.58756897923719,31.22222222222222
2021-07-17,1.2443938255310059,1.317598750594588,30.99784308226222,31.38888888888889
2021-07-18,1.2602583169937134,1.2967984238175627,31.082587965961892,31.27777777777778
2021-07-19,1.210243821144104,0.5583868232331516,30.815420711087313,27.333333333333332
2021-07-20,0.5903127789497375,0.7871904177804343,27.503875289283375,28.555555555555557
2021-07-21,0.9320136904716492,0.9015922150540753,29.329171995141575,29.166666666666668
2021-07-22,0.9229421019554138,0.6311879669527422,29.280713416082374,27.722222222222225
2021-07-23,0.7107711434364319,0.7247894374493569,28.147339349450302,28.22222222222222
2021-07-24,0.8258213996887207,0.47518551612505,28.76191439641203,26.888888888888893
2021-07-25,0.5545259118080139,1.1303958096013573,27.312709130504825,30.38888888888889
2021-07-26,1.1185698509216309,1.0159940123277162,30.32571702515116,29.77777777777778
2021-07-27,1.0403434038162231,1.0887951560473061,29.907847270058816,30.166666666666668
2021-07-28,1.0731061697006226,1.3383990773716137,30.082859295567456,31.5
2021-07-29,1.277204990386963,1.2031969533209472,31.173113645223857,30.77777777777778
2021-07-30,1.108093023300171,1.0575946658817674,30.26975194487051,30.0
2021-07-31,1.052599549293518,1.2551977702635115,29.973317104091702,31.055555555555557
2021-08-01,1.2224910259246826,1.3799997309256649,30.880842785738487,31.72222222222222
2021-08-02,1.2230974435806274,0.5999874767872028,30.884082145402,27.555555555555554
2021-08-03,0.647089421749115,1.2031969533209472,27.807164556525336,30.77777777777778
2021-08-04,1.1681355237960815,1.3383990773716137,30.59048675906385,31.5
2021-08-05,1.2539998292922974,1.5152018549763315,31.049156398764225,32.44444444444444
2021-08-06,1.3098278045654297,1.577602835307409,31.347378077210777,32.77777777777778
2021-08-07,1.3177613019943237,1.7544056129121266,31.389757205374053,33.72222222222222
2021-08-08,1.4690518379211426,1.7960062664661778,32.19792044855883,33.94444444444444
2021-08-09,1.5054981708526611,1.0887951560473061,32.39260933933239,30.166666666666668
2021-08-10,0.9451457858085632,1.0575946658817674,29.399320974998624,30.0
2021-08-11,1.071908712387085,0.5687869866216647,30.07646272237697,27.38888888888889
2021-08-12,0.6650130152702332,0.5167861696791005,27.902908744228917,27.11111111111111
2021-08-13,0.6312121152877808,0.5687869866216647,27.722351217711882,27.38888888888889
2021-08-14,0.6776478290557861,1.0471945024932543,27.9704013472752,29.944444444444443
2021-08-15,1.0863763093948364,1.078394992658793,30.15374568027812,30.11111111111111
2021-08-16,1.0347836017608643,0.7247894374493569,29.878147939343922,28.22222222222222
2021-08-17,0.7488885521888733,1.0575946658817674,28.35095478706151,30.0
2021-08-18,1.050068736076355,1.0055938489392031,29.959798015108724,29.72222222222222
2021-08-19,1.002253770828247,0.8495913981115111,29.704380204926792,28.88888888888889
2021-08-20,0.8369214534759521,0.9743933587736652,28.821208623993815,29.555555555555557
2021-08-21,0.9779368042945862,1.1719964631554085,29.57448392015347,30.61111111111111
2021-08-22,1.111465334892273,1.2863982604290496,30.287766146860125,31.22222222222222
2021-08-23,1.1546918153762817,1.2239972800979728,30.518673205556237,30.88888888888889
2021-08-24,1.1008143424987793,0.766390091003408,30.230870713823748,28.444444444444443
2021-08-25,0.8299512267112732,1.0991953194358186,28.783975091616078,30.22222222222222
2021-08-26,1.1007462739944458,1.0575946658817674,30.230507105730986,30.0
2021-08-27,1.0700057744979858,0.839191234722998,30.06629761557361,28.833333333333332
2021-08-28,0.8903796076774597,0.6727886205067927,29.10677120072406,27.944444444444443
2021-08-29,0.7544047236442566,0.5999874767872028,28.380421051993654,27.555555555555554
2021-08-30,0.7126932740211487,0.7455897642263825,28.157606979726403,28.333333333333332
2021-08-31,0.8414158821105957,0.8599915615000235,28.84521694678403,28.944444444444443
2021-09-01,0.8961030840873718,0.9847935221621776,29.137344846520147,29.61111111111111
2021-09-02,0.9831424355506897,1.078394992658793,29.602291342560854,30.11111111111111
2021-09-03,1.067386269569397,0.766390091003408,30.052304753524055,28.444444444444443
2021-09-04,0.7861205339431763,1.0159940123277162,28.54984045390394,29.77777777777778
2021-09-05,1.0361764430999756,1.0055938489392031,29.885588214222732,29.72222222222222
2021-09-06,0.9621317982673645,0.7455897642263825,29.490056795540113,28.333333333333332
2021-09-07,0.8000169396400452,0.8703917248885367,28.624072224105518,29.0
2021-09-08,0.9319974780082703,0.537586496456126,29.32908539146274,27.22222222222222
2021-09-09,0.5698261260986328,0.5583868232331516,27.394439760426778,27.333333333333332
2021-09-10,0.6733490824699402,0.6103876401757159,27.9474383181527,27.61111111111111
2021-09-11,0.7131596207618713,0.9119923784425877,28.160098109076444,29.22222222222222
2021-09-12,0.9732078909873962,1.078394992658793,29.54922302797891,30.11111111111111
2021-09-13,1.060970425605774,1.2551977702635115,30.018032621208278,31.055555555555557
2021-09-14,1.1779072284698486,0.839191234722998,30.642685216106898,28.833333333333332
2021-09-15,0.7937584519386292,0.3503835554628952,28.59064065690785,26.22222222222222
2021-09-16,0.42773687839508057,0.3815840456284339,26.635427925731882,26.38888888888889
2021-09-17,0.549289882183075,0.620787803564229,27.28473932619962,27.666666666666668
2021-09-18,0.7045555114746094,0.5999874767872028,28.11413670888897,27.555555555555554
2021-09-19,0.6526933312416077,0.8599915615000235,27.837099500190007,28.944444444444443
2021-09-20,0.8983437418937683,1.0263941757162287,29.149313984368668,29.833333333333332
2021-09-21,0.9646467566490173,0.7559899276148949,29.503491191219528,28.388888888888886
2021-09-22,0.774786651134491,0.8287910713344855,28.489297159292477,28.77777777777778
2021-09-23,0.9063083529472351,0.6623884571182802,29.191859315180295,27.88888888888889
2021-09-24,0.688899040222168,0.6415881303412546,28.030503026803775,27.77777777777778
2021-09-25,0.7122493386268616,0.37118388223992144,28.155235567226512,26.333333333333336
2021-09-26,0.4686442017555237,0.3295832286858696,26.85394651920805,26.11111111111111
2021-09-27,0.4559934735298157,0.33998339207438205,26.78636890446232,26.166666666666664
2021-09-28,0.4634547829627991,0.5583868232331516,26.8262257004795,27.333333333333332
2021-09-29,0.6827347874641418,0.8807918882770497,27.997574843489343,29.055555555555557
2021-09-30,0.8748926520347595,0.9743933587736652,29.024043036516108,29.555555555555557
2021-10-01,0.94402676820755,1.0055938489392031,29.39334341078368,29.72222222222222
2021-10-02,0.9649235606193542,0.9951936855506908,29.5049698216773,29.666666666666668
2021-10-03,0.9404494166374207,0.4231846991824857,29.374233926973496,26.611111111111114
2021-10-04,0.43437349796295166,0.7455897642263825,26.670879396380045,28.333333333333332
2021-10-05,0.8472180962562561,0.5479866598446385,28.87621119353505,27.277777777777775
2021-10-06,0.5937950611114502,0.8287910713344855,27.522476931668034,28.77777777777778
2021-10-07,0.9031063914299011,0.9223925418311009,29.174755088610212,29.27777777777778
2021-10-08,0.9376835227012634,0.9119923784425877,29.359459084647394,29.22222222222222
2021-10-09,0.8932073712348938,1.0679948292702806,29.121876537971602,30.055555555555557
2021-10-10,0.9845179915428162,0.37118388223992144,29.609639282635023,26.333333333333336
2021-10-11,0.28344976902008057,-0.11762379702018197,25.86467556142892,23.72222222222222
2021-10-12,0.030492819845676422,-0.18002477735125938,24.513431035929983,23.388888888888886
2021-10-13,-0.08323086053133011,0.12157996091561317,23.905942287229617,25.0
2021-10-14,0.09038572758436203,-0.024022326523567204,24.83336675606833,24.222222222222218
2021-10-15,0.06774155050516129,-0.2944265746248997,24.712406172014152,22.77777777777778
2021-10-16,-0.1976480782032013,-0.5232301691721817,23.294748803490446,21.555555555555557
2021-10-17,-0.39846882224082947,-0.575230986114746,22.22200527194043,21.27777777777778
2021-10-18,-0.5870811939239502,-0.575230986114746,21.214476380127017,21.27777777777778
2021-10-19,-0.7614893913269043,-0.9704371948782333,20.282823295631616,19.166666666666668
2021-10-20,-0.7251380085945129,-0.46082918884110435,20.477004981771397,21.888888888888893
2021-10-21,-0.10160783678293228,0.3607837188514083,23.807776221279475,26.27777777777778
2021-10-22,0.3990357518196106,-0.3256270647904384,26.482112350542774,22.61111111111111
2021-10-23,-0.47088128328323364,-0.8248349074390536,21.83519264678502,19.944444444444446
2021-10-24,-1.0461010932922363,-0.658432293222849,18.762485524999995,20.833333333333332
2021-10-25,-0.4914524555206299,-0.575230986114746,21.725305632573317,21.27777777777778
2021-10-26,-0.5761696100234985,-0.45042902545259256,21.272763839942336,21.944444444444443
2021-10-27,-0.28097283840179443,-0.23202559429382363,22.84964489776919,23.111111111111107
2021-10-28,-0.13609425723552704,0.09037947075007446,23.623556783969235,24.833333333333332
2021-10-29,0.10135925561189651,-0.3152269014019253,24.891985108799933,22.666666666666668
2021-10-30,-0.3436296880245209,-0.5024298423951562,22.514944762769748,21.666666666666668
2021-10-31,-0.26519909501075745,-0.8040345806620287,22.933905023744494,20.055555555555554
2021-11-01,-0.8190180659294128,-0.6792326199998746,19.975516827596007,20.72222222222222
2021-11-02,-0.4603279232978821,-0.5648308227262329,21.891566547373117,21.333333333333336
2021-11-03,-0.4828583896160126,-0.4400288620640801,21.771213383055333,21.999999999999996
2021-11-04,-0.265495628118515,-0.2008251041282836,22.93232100425108,23.277777777777782
2021-11-05,-0.06604152172803879,0.3295832286858696,23.997764235710186,26.11111111111111
2021-11-06,0.30178481340408325,0.39198420901694636,25.962617635878843,26.444444444444443
2021-11-07,0.38438186049461365,0.3607837188514083,26.403834246324706,26.27777777777778
2021-11-08,0.40951526165008545,0.3815840456284339,26.538091758637936,26.38888888888889
2021-11-09,0.4865580201148987,-0.8768357243816172,26.949638489987628,19.66666666666667
2021-11-10,-1.123417615890503,-0.8144347440505412,18.34947640138231,20.0
2021-11-11,-0.7760655879974365,-0.7416336003309513,20.20496022044062,20.38888888888889
2021-11-12,-0.7587417364120483,-0.6480321298343366,20.29750070881903,20.888888888888886
2021-11-13,-0.4421987533569336,-0.4712293522296181,21.98840888246017,21.833333333333332
2021-11-14,-0.4376218318939209,-0.6376319664458234,22.01285786514564,20.944444444444443
2021-11-15,-0.7227768898010254,-0.6168316396687972,20.489617597689506,21.055555555555557
2021-11-16,-0.4125429689884186,-0.40882837189854004,22.146824045230435,22.16666666666667
2021-11-17,-0.3488803505897522,-0.5648308227262329,22.48689679227648,21.333333333333336
2021-11-18,-0.3849841058254242,-0.6064314762802847,22.294037881812155,21.11111111111111
2021-11-19,-0.6712468266487122,-0.7832342538850025,20.764880704555846,20.166666666666668
2021-11-20,-0.8371754288673401,-0.8352350708275668,19.878523891258624,19.88888888888889
2021-11-21,-0.6052604913711548,-0.2528259210708479,21.117366274106505,23.000000000000004
2021-11-22,-0.05638688802719116,0.33998339207438205,24.049337323449212,26.166666666666664
2021-11-23,0.2813873291015625,-0.7104331101654126,25.85365842725584,20.555555555555557
2021-11-24,-1.0332611799240112,-1.157640135871464,18.831073728262727,18.166666666666668
2021-11-25,-1.2670519351959229,-1.1160394823174136,17.58221110873601,18.388888888888886
2021-11-26,-1.005229115486145,-1.157640135871464,18.980815309720466,18.166666666666668
2021-11-27,-0.9309413433074951,-0.8976360511586434,19.377645465189744,19.555555555555557
2021-11-28,-0.623894453048706,-0.6376319664458234,21.017827444328052,20.944444444444443
2021-11-29,-0.6514302492141724,-0.720833273553925,20.87073682695115,20.500000000000004
2021-11-30,-0.5430532693862915,-0.5232301691721817,21.449664589799703,21.555555555555557
2021-12-01,-0.4084193706512451,-0.4296286986755663,22.168851468065224,22.055555555555557
2021-12-02,-0.7337908148765564,-0.887235887770131,20.430783452151537,19.61111111111111
2021-12-03,-0.8789408206939697,-1.3240427500876695,19.655421670721715,17.27777777777778
2021-12-04,-1.1426901817321777,-1.386443730418747,18.246526278166186,16.944444444444443
2021-12-05,-1.0907037258148193,-1.2824420965336183,18.524227342270933,17.5
2021-12-06,-1.143863558769226,-1.2096409528140284,18.24025833691044,17.88888888888889
2021-12-07,-1.0348643064498901,-1.1888406260370021,18.822510152726075,18.000000000000004
2021-12-08,-0.995794951915741,-1.3032424233106439,19.031210690905986,17.38888888888889
2021-12-09,-1.0624735355377197,-1.3968438938072594,18.675027271627386,16.88888888888889
2021-12-10,-0.9710227847099304,-0.887235887770131,19.163538565000152,19.61111111111111
2021-12-11,-0.6883676052093506,-0.6792326199998746,20.67342499093403,20.72222222222222
2021-12-12,-0.6570515632629395,-0.5544306593377204,20.840708911690083,21.38888888888889
2021-12-13,-0.5780027508735657,-0.6688324566113608,21.262971574712196,20.777777777777782
2021-12-14,-0.751761257648468,-1.1784404626484897,20.334789005287792,18.055555555555557
2021-12-15,-1.2441054582595825,-1.157640135871464,17.704786517084806,18.166666666666668
2021-12-16,-0.8104702830314636,-1.03283817520931,20.0211773436787,18.833333333333336
2021-12-17,-0.7601351737976074,-0.5440304959492079,20.290057249981437,21.444444444444443
2021-12-18,-0.4103398323059082,-0.5232301691721817,22.15859275287371,21.555555555555557
2021-12-19,-0.6644193530082703,-0.9808373582667458,20.8013516788056,19.111111111111114
2021-12-20,-1.2553578615188599,-1.1680402992599779,17.644678469638666,18.111111111111107
2021-12-21,-1.150368332862854,-1.001637685043772,18.205511157944574,19.0
2021-12-22,-0.8631402850151062,-1.0536385019863364,19.739824915644213,18.72222222222222
2021-12-23,-0.9887828826904297,-1.001637685043772,19.06866773719013,19.0
2021-12-24,-0.8458628058433533,-0.9288365413241815,19.832117692029485,19.388888888888893
2021-12-25,-0.834626317024231,-0.8248349074390536,19.892140727776173,19.944444444444446
2021-12-26,-0.6507642269134521,-0.6792326199998746,20.874294582492738,20.72222222222222
2021-12-27,-0.5098060369491577,-1.2200411162025422,21.627264537005317,17.83333333333333
2021-12-28,-1.3185291290283203,-2.124855331003157,17.30723041901352,13.0
2021-12-29,-1.9302109479904175,-1.9584527167869519,14.039750668339009,13.88888888888889
2021-12-30,-1.6751497983932495,-1.7504494490166955,15.402235404123104,15.0
2021-12-31,-1.563236951828003,-1.5632465080234645,16.000051047250707,16.0
